{
  "ingredients": {
    "a": {
      "mode": "MATERIAL",
      "materials": [
        "DIAMOND"
      ],
      "itemStacks": [],
      "grapesItems": []
    },
    "b": {
      "mode": "MATERIAL",
      "materials": [
        "STICK"
      ],
      "itemStacks": [],
      "grapesItems": []
    }
  },
  "bindings": [
    {
      "y": 4,
      "x": {
        "mode": "MATERIAL",
        "materials": [
          "STRING"
        ],
        "itemStacks": [],
        "grapesItems": []
      }
    }
  ],
  "shape": [
    "a",
    "a",
    "a",
    " ",
    "b",
    " ",
    " ",
    "b",
    " "
  ],
  "type": "SHAPED",
  "result": {
    "nbt": {},
    "id": 0,
    "material": "DIAMOND_PICKAXE",
    "name": null,
    "amount": 1
  }
}